,sequence_id,c1,c2,c3,c4,c5,c6,c7,c8,c9,fov,RotQ_x,RotQ_y,RotQ_z,RotQ_w
0,267f2bd0-4e0a-455a-a5df-a6b5044822d7,64.59409,0,0,0,103.350555,0,0,0,-1.00015008,1.108731151,0.08273322,0.728301167,-0.08935218,0.674350739
1,b06eec44-d8eb-4833-8d6f-cd0ff0e9152d,64.59163,0,0,0,103.346611,0,0,0,-1.00015008,1.10877347,0.082741864,0.7282833,-0.08935699,0.6743683
2,2db47701-7504-44c9-8365-0632d67491a7,64.58752,0,0,0,103.340034,0,0,0,-1.00015008,1.108844042,0.082754955,0.7282543,-0.08936374,0.6743971
3,4c136f1a-cf16-4753-8377-126ba4c1e0f0,64.58506,0,0,0,103.3361,0,0,0,-1.00015008,1.108886242,0.08276215,0.7282374,-0.089367196,0.6744141
4,b6b212e4-58f8-4c7b-8296-e534784e4c6a,64.5818,0,0,0,103.330887,0,0,0,-1.00015008,1.108942151,0.08277174,0.728215,-0.08937183,0.67443645
5,a6aa388c-84de-488f-8f5d-aeb50325e272,64.57855,0,0,0,103.325684,0,0,0,-1.00015008,1.108997941,0.08278146,0.7281925,-0.0893766,0.674458861
6,37a5f718-d574-444b-94b7-970858d90a02,64.57609,0,0,0,103.321739,0,0,0,-1.00015008,1.10904026,0.08278871,0.7281756,-0.08938012,0.6744757
7,ba0dcaab-36c1-4f73-8940-bb3ecffbb6bc,64.57365,0,0,0,103.317841,0,0,0,-1.00015008,1.109082103,0.08279594,0.7281588,-0.089383625,0.674492657
8,46ca5cff-2d53-41d7-87a2-d3d4ab1742d8,64.56959,0,0,0,103.31134,0,0,0,-1.00015008,1.109151959,0.08280798,0.7281309,-0.08938951,0.674520433
9,2be1e908-6b7d-4407-9487-abb74c79bcfb,64.56714,0,0,0,103.307426,0,0,0,-1.00015008,1.10919404,0.08281523,0.728114069,-0.08939305,0.6745372
10,ba6d596b-fac7-4a20-99a0-a2abcc538e91,64.5638657,0,0,0,103.302193,0,0,0,-1.00015008,1.109250069,0.08282491,0.7280918,-0.089397796,0.6745594
11,ebf871c0-c23f-4e2a-85d4-f65cac9dcb4d,64.5606,0,0,0,103.296959,0,0,0,-1.00015008,1.109306335,0.082834564,0.728069365,-0.0894025,0.6745819
12,1532e0ba-8432-40f2-90f0-6f03604162ad,64.55731,0,0,0,103.2917,0,0,0,-1.00015008,1.109362841,0.08284437,0.7280468,-0.08940734,0.674604356
13,79643990-72de-415a-8fcf-f9c43d61701f,64.55396,0,0,0,103.286346,0,0,0,-1.00015008,1.1094203,0.08285433,0.728023946,-0.08941226,0.6746271
14,84030727-e795-4f3f-853e-a4bc7def923e,64.5516739,0,0,0,103.282677,0,0,0,-1.00015008,1.109459758,0.08286067,0.7280087,-0.089415185,0.674642444
15,864d7d48-93d6-44e1-86d5-ab83c627f63d,64.54942,0,0,0,103.279083,0,0,0,-1.00015008,1.109498382,0.08287135,0.727991045,-0.08942233,0.6746592
16,8538af59-6afe-4bae-b1e2-3ac2420f35de,64.54532,0,0,0,103.272514,0,0,0,-1.00015008,1.109568954,0.082890995,0.727958441,-0.089435406,0.674690247
17,cbfcfbf4-f59d-4898-b1fc-67d926596968,64.54374,0,0,0,103.269989,0,0,0,-1.00015008,1.109596014,0.08289957,0.72794497,-0.08944131,0.674703062
18,d5fb72e6-1177-481d-a6b3-61cfc35b7039,64.5407257,0,0,0,103.26516,0,0,0,-1.00015008,1.10964787,0.082918815,0.727917135,-0.08945523,0.674728751
19,ad0a0a5f-961b-4c12-bee6-dad680ae98d4,64.53773,0,0,0,103.260361,0,0,0,-1.00015008,1.109699488,0.082939595,0.7278886,-0.089470685,0.674755
20,782c6768-7129-4703-9de4-7a418d46754f,64.53606,0,0,0,103.25769,0,0,0,-1.00015008,1.109728217,0.08294923,0.727874339,-0.08947756,0.6747682
21,aee72d85-a86b-4f31-9210-1556806b00e0,64.53264,0,0,0,103.252228,0,0,0,-1.00015008,1.109786987,0.08296844,0.7278459,-0.08949127,0.6747948
22,f15fef76-332d-4551-a01a-969109c5dba8,64.53092,0,0,0,103.249481,0,0,0,-1.00015008,1.109816551,0.08297803,0.727831662,-0.08949811,0.674808
23,896a404a-92c7-4a51-b53c-05c98219e35f,64.527504,0,0,0,103.244011,0,0,0,-1.00015008,1.109875321,0.08299722,0.7278033,-0.08951181,0.6748345
24,a7ec17c7-b5fc-45c4-bf96-ac2c424766fd,64.524086,0,0,0,103.238541,0,0,0,-1.00015008,1.109934092,0.08301703,0.7277751,-0.089526236,0.6748605
25,525b65f9-45df-45b1-a7fa-d40af7e01e36,64.52232,0,0,0,103.235718,0,0,0,-1.00015008,1.109964371,0.08302608,0.727760851,-0.08953247,0.6748739
26,8a088a65-edb0-4f1b-ac80-6aecd8fb432e,64.51972,0,0,0,103.231552,0,0,0,-1.00015008,1.110009193,0.08304048,0.7277397,-0.089542784,0.674893558
27,0c1dc2b3-1241-4009-836a-db9915a9cd14,64.5154648,0,0,0,103.224747,0,0,0,-1.00015008,1.110082507,0.08306273,0.7277054,-0.089558296,0.674925745
28,5941bb97-736e-4f47-b630-a588c8571b4f,64.51394,0,0,0,103.222305,0,0,0,-1.00015008,1.110108733,0.083073,0.7276917,-0.08956602,0.6749382
29,7a62f584-f382-4b0e-bb04-a3b28e5fcce5,64.51056,0,0,0,103.216896,0,0,0,-1.00015008,1.110166788,0.08309015,0.72766453,-0.08957776,0.674963951
30,1e31d82d-3272-417c-9096-ecac3626b061,64.50875,0,0,0,103.214005,0,0,0,-1.00015008,1.110197902,0.083097816,0.72765094,-0.08958264,0.6749769
31,62af4162-9602-4ba6-a3cb-392dea093dbb,64.5055,0,0,0,103.208809,0,0,0,-1.00015008,1.110253811,0.08311369,0.7276256,-0.08959345,0.675000846
32,0979c1c3-4827-46f7-8666-4d15c140d66a,64.50203,0,0,0,103.203255,0,0,0,-1.00015008,1.110313535,0.08312846,0.727599442,-0.0896028,0.67502594
33,8ec867f7-4a1e-4bf4-ba60-5ac1e25785c2,64.50027,0,0,0,103.200432,0,0,0,-1.00015008,1.110343933,0.08313518,0.7275862,-0.08960669,0.675038934
34,ae4a173f-66f1-4d58-9453-0c3ea1c537b7,64.49678,0,0,0,103.194847,0,0,0,-1.00015008,1.110404015,0.083150156,0.7275599,-0.08961626,0.6750641
35,417716df-80f8-4caa-abbc-4f19b37777ed,64.49417,0,0,0,103.190681,0,0,0,-1.00015008,1.110448837,0.08316127,0.727540255,-0.08962332,0.675083
36,13eec8ca-9341-4c17-99b9-7d74658ddd6b,64.4915543,0,0,0,103.186493,0,0,0,-1.00015008,1.110493898,0.08317257,0.7275207,-0.0896306,0.6751017
37,9b346eec-dda6-497f-8531-f5e38a93fb4f,64.48895,0,0,0,103.182327,0,0,0,-1.00015008,1.110538721,0.08318397,0.727501154,-0.089637995,0.6751204
38,6054c00c-bc1e-46f6-9910-3a008ff4af7c,64.48545,0,0,0,103.17672,0,0,0,-1.00015008,1.110599041,0.083199136,0.727475,-0.0896478,0.6751454
39,ab8b7d0d-fbcf-4e09-9bf4-97f9cea537cf,64.4828,0,0,0,103.172493,0,0,0,-1.00015008,1.110644579,0.08321057,0.7274553,-0.08965518,0.6751642
40,ddfe5a62-0824-47e2-9611-29ce629d1c61,64.4810257,0,0,0,103.169647,0,0,0,-1.00015008,1.110675216,0.08321828,0.7274422,-0.08966021,0.67517674
41,f03a41fb-8045-4a84-bfbb-ebbf57a799fa,64.47748,0,0,0,103.163963,0,0,0,-1.00015008,1.110736489,0.08323393,0.72741574,-0.089670464,0.675201952
42,0acea040-16c1-43e6-be41-f1406011d1e1,64.47489,0,0,0,103.159828,0,0,0,-1.00015008,1.110780954,0.08324645,0.7273957,-0.08967896,0.6752209
43,8b5ecabd-e25b-45ee-9b93-453121ec4a31,64.4724655,0,0,0,103.155945,0,0,0,-1.00015008,1.110822797,0.08325917,0.727376044,-0.0896878,0.6752393
44,8ed309c2-eb88-4990-8304-62852c042943,64.46972,0,0,0,103.151558,0,0,0,-1.00015008,1.110869884,0.08328286,0.727349341,-0.08970692,0.67526263
45,f0b6013c-4def-43de-8888-4c0e61324c88,64.46739,0,0,0,103.147835,0,0,0,-1.00015008,1.110910058,0.08330117,0.727327645,-0.08972142,0.6752819
46,e31129a5-7ce5-4305-921b-5536908caeaf,64.46399,0,0,0,103.142387,0,0,0,-1.00015008,1.110968709,0.0833244,0.727297962,-0.08973923,0.6753085
47,a8ccd1fb-485d-4609-afc2-32b77e2dd336,64.45976,0,0,0,103.13562,0,0,0,-1.00015008,1.111041546,0.083349995,0.727263868,-0.08975847,0.6753395
48,a5eb3daa-61ff-4ea3-b1ac-f1963615d3ff,64.45719,0,0,0,103.131508,0,0,0,-1.00015008,1.111085773,0.08336655,0.727242768,-0.08977117,0.675358534
49,242cec5c-c111-451e-a6a6-28e816d83a3e,64.45459,0,0,0,103.127342,0,0,0,-1.00015008,1.111130714,0.08338339,0.7272214,-0.089784116,0.675377667
50,32ecdd99-2a27-4a60-ad68-57dc686fe87d,64.4502258,0,0,0,103.120369,0,0,0,-1.00015008,1.111205935,0.08340983,0.7271862,-0.08980396,0.6754098
51,488c2bb9-7705-443f-8968-043484bd4c9a,64.44753,0,0,0,103.116051,0,0,0,-1.00015008,1.111252427,0.08342345,0.7271655,-0.0898135,0.675429046
52,ff3dc7d0-d090-4138-8764-281397b93666,64.44312,0,0,0,103.109,0,0,0,-1.00015008,1.111328363,0.08344525,0.727131546,-0.08982855,0.675460935
53,e7e67b21-6366-4020-8c2e-9710efa4ed39,51.4304543,0,0,0,82.28873,0,0,0,-1.00015008,1.417170286,-0.006388315,0.986187339,-0.160806939,-0.03917788
54,e7e67b21-6366-4020-8c2e-9710efa4ed39,50.5345535,0,0,0,80.8552856,0,0,0,-1.00015008,1.417170286,-0.004700158,0.9871911,-0.156699851,-0.029610459
55,631dffa1-850c-4bee-8a1b-4942aeb6e3a6,49.6663857,0,0,0,79.46622,0,0,0,-1.00015008,1.44193995,-0.003047901,0.9880921,-0.152561322,-0.0197403
56,871b3277-037f-4da1-afc7-3098e5f53378,48.9922371,0,0,0,78.38758,0,0,0,-1.00015008,1.461779237,-0.001754337,0.988732636,-0.149230227,-0.011623447
57,f295f652-1bbf-4d4f-9a48-42ef4eb3d842,48.3365631,0,0,0,77.3385,0,0,0,-1.00015008,1.481605887,-0.000487884,0.989296138,-0.145883322,-0.00330855
58,4d7c933c-2a14-4b76-831c-9d5c2ba4ab84,47.85716,0,0,0,76.57146,0,0,0,-1.00015008,1.496446013,0.000443036,0.9896652,-0.143364087,0.003058345
59,35e921c9-3a3a-4a30-8f36-9db73f8e0407,47.5435028,0,0,0,76.0696,0,0,0,-1.00015008,1.506317139,0.0010542,0.989884436,-0.141680911,0.007365399
60,84036502-e9ed-41d2-bcce-6963dabb22d5,47.08208,0,0,0,75.33133,0,0,0,-1.00015008,1.52107811,0.00195619,0.9901714,-0.139151379,0.013919825
61,aa344ba7-59b3-4642-b346-24c4346588d3,46.48396,0,0,0,74.37434,0,0,0,-1.00015008,1.540647745,0.003130077,0.990472,-0.135771766,0.022834301
62,d86fd338-2bbf-40e6-bdc3-1bdd6f3b386f,46.0484161,0,0,0,73.67747,0,0,0,-1.00015008,1.555217862,0.003987917,0.990633,-0.133233532,0.02965141
63,050b2824-4cfe-4d5d-be82-fea2d7909a87,45.4853859,0,0,0,72.77662,0,0,0,-1.00015008,1.574466467,0.00510017,0.990757,-0.129847258,0.03891518
64,8534b9ce-dee8-482b-9108-6ea05121f6b2,45.0765762,0,0,0,72.12252,0,0,0,-1.00015008,1.588744044,0.005909764,0.9907787,-0.127308011,0.045992926
65,7e4de951-f101-495c-90c6-a0b78e0be6dc,44.8105278,0,0,0,71.696846,0,0,0,-1.00015008,1.598175168,0.006437391,0.990757942,-0.125616357,0.050772816
66,533ccfcb-c21c-43ee-926a-bf622011c4b2,44.29426,0,0,0,70.87081,0,0,0,-1.00015008,1.616800427,0.007462711,0.990628362,-0.12223804,0.060478497
67,b63ab881-20da-4c33-9f8f-d22d9225f5fd,43.79936,0,0,0,70.07897,0,0,0,-1.00015008,1.635066509,0.008446884,0.9903766,-0.11887002,0.07037599
68,3b5e0008-d3b3-412f-aa01-88d82e8c3269,43.56005,0,0,0,69.69608,0,0,0,-1.00015008,1.644047856,0.008923116,0.9902031,-0.117191337,0.075395495
69,64afa71b-e8d6-4844-a54b-9e5e2b94b553,43.0979233,0,0,0,68.95668,0,0,0,-1.00015008,1.661674142,0.009843103,0.9897571,-0.113847539,0.08557305
70,0bf85a09-35af-4b96-bca2-d1ae0f286699,42.8752136,0,0,0,68.60034,0,0,0,-1.00015008,1.670304298,0.010286592,0.9894833,-0.112183742,0.09072983
71,2475dba7-d674-4626-9c0e-b94519bb93ca,42.44665,0,0,0,67.91464,0,0,0,-1.00015008,1.687165976,0.011139977,0.9888304,-0.108875528,0.101175614
72,b79ae9a4-a37c-4a2a-9fec-c7e88f8e35a8,42.1402054,0,0,0,67.42433,0,0,0,-1.00015008,1.699433327,0.011750272,0.9882461,-0.10641408,0.109122396
73,74c39341-6d11-47fb-8901-685cfa6b0b5c,41.8467331,0,0,0,66.95477,0,0,0,-1.00015008,1.711349845,0.01233482,0.9875782,-0.103972189,0.1171621
74,d1c8e729-10b7-498a-8d65-fdcd8355b88a,41.6583672,0,0,0,66.65339,0,0,0,-1.00015008,1.719086766,0.012710149,0.9870855,-0.10235633,0.122571848
75,7ee58267-04d0-4872-a907-8234746283fc,41.2132149,0,0,0,65.94115,0,0,0,-1.00015008,1.737652183,0.013598109,0.9856835,-0.09836447,0.136262938
76,6f54bded-8d85-41ef-be64-4d3254d08b17,40.96399,0,0,0,65.54238,0,0,0,-1.00015008,1.74822247,0.014096461,0.984722853,-0.09600596,0.144585878
77,fead6c85-3e3d-4523-87f5-a17a1af383fb,40.8053436,0,0,0,65.28855,0,0,0,-1.00015008,1.755018115,0.014414465,0.9840316,-0.09445051,0.150176942
78,a71cfe74-5687-4e89-8dc5-3b5dbd249ead,40.5062752,0,0,0,64.81004,0,0,0,-1.00015008,1.7679739,0.015016746,0.9825253,-0.091383725,0.1614547
79,ed075c5a-4435-4ec3-854e-41c6a00869c0,40.29802,0,0,0,64.47683,0,0,0,-1.00015008,1.777109385,0.015439441,0.981285632,-0.0891254,0.169990823
80,cbc6bee9-4185-445c-a15e-039b1de55436,40.16686,0,0,0,64.2669754,0,0,0,-1.00015008,1.782911062,0.015707726,0.980406165,-0.08764126,0.175715759
81,390cae19-1585-4bfd-956a-8d8c28140110,39.8661346,0,0,0,63.7858162,0,0,0,-1.00015008,1.796358347,0.016332613,0.9780203,-0.084011704,0.190135747
82,9764a1b0-1623-4dd8-98ac-d3ca718fe396,39.7567635,0,0,0,63.61082,0,0,0,-1.00015008,1.801299334,0.016564863,0.9769905,-0.0825943,0.195942268
83,668056ae-e788-4dc3-b2aa-46ece2bc02d7,39.5568352,0,0,0,63.2909355,0,0,0,-1.00015008,1.810401797,0.017000565,0.9748008,-0.07982287,0.207611725
84,3aed07b4-c965-4329-b247-2b3a6e711aed,39.3821335,0,0,0,63.0114174,0,0,0,-1.00015008,1.818431377,0.01740002,0.972437561,-0.077141106,0.21934393
85,a85af4d1-533d-4266-a67c-0aa80a00094f,39.3042679,0,0,0,62.88683,0,0,0,-1.00015008,1.822033286,0.017587058,0.9711908,-0.075835735,0.225228786
86,8913db6f-7ad4-49b8-9680-7b865dce0994,39.19939,0,0,0,62.71903,0,0,0,-1.00015008,1.826907396,0.017852869,0.969239831,-0.0739241,0.234074026
87,536eec23-0b9e-40d4-bfef-f37fe846ac5d,39.05638,0,0,0,62.49021,0,0,0,-1.00015008,1.833595634,0.018260201,0.965774,-0.07086765,0.2488474
88,83e20202-c405-4d6e-bfff-6d807e9dbbfa,38.9896469,0,0,0,62.38344,0,0,0,-1.00015008,1.836733103,0.018485764,0.9635675,-0.069115125,0.25771898
89,4706c138-b79e-4172-841b-5075d5508117,38.9229622,0,0,0,62.27674,0,0,0,-1.00015008,1.839879513,0.018768083,0.9604801,-0.06687768,0.269542426
90,e22a5cbc-0489-48d4-848b-1ca19fa13268,38.88169,0,0,0,62.2107048,0,0,0,-1.00015008,1.84183228,0.019033264,0.9572301,-0.06475766,0.281344533
91,d95a51d5-4510-4874-b7d8-502d27c3be5c,38.86737,0,0,0,62.1877937,0,0,0,-1.00015008,1.842510819,0.019223617,0.9546886,-0.06324713,0.290172368
92,3760b6a4-6ef0-4eed-9fb6-d727e8fc8636,38.87035,0,0,0,62.1925621,0,0,0,-1.00015008,1.842369676,0.019469775,0.951165438,-0.06134184,0.301897973
93,9b25ff74-74f4-4b65-a209-9f9a722ef69d,38.89843,0,0,0,62.2374878,0,0,0,-1.00015008,1.841039777,0.0197116,0.9474941,-0.059563555,0.313557923
94,13def912-c453-4bc0-a4ef-feb2c8149393,38.9358864,0,0,0,62.2974167,0,0,0,-1.00015008,1.839269161,0.01989306,0.944647253,-0.05831466,0.322250426
95,8bd1c5fb-a407-4b0a-be38-030d21e7ba07,39.0292,0,0,0,62.4467239,0,0,0,-1.00015008,1.834872127,0.020201774,0.9397335,-0.05639696,0.3366189
96,ed9d09a6-eb4a-499f-a68d-dcd4f305b649,39.1035767,0,0,0,62.5657234,0,0,0,-1.00015008,1.831382751,0.02039416,0.9366891,-0.05534552,0.345158666
97,02e1cdc0-836e-467b-852a-767f9adb2d8c,39.25783,0,0,0,62.8125343,0,0,0,-1.00015008,1.824188113,0.020733275,0.9314658,-0.05375926,0.359237373
98,4f1856d0-b892-4c22-9621-e6fea1c08f94,39.4081573,0,0,0,63.0530548,0,0,0,-1.00015008,1.817230701,0.021026503,0.927162349,-0.052639756,0.370347083
99,54b1ba65-43e4-4a48-97e7-da9b28b76cc6,39.582058,0,0,0,63.33129,0,0,0,-1.00015008,1.809248447,0.021344183,0.9227574,-0.051652566,0.3813074
100,07eaea61-c52a-413f-a1f6-d1de53eeaa7f,39.72774,0,0,0,63.5643845,0,0,0,-1.00015008,1.802614808,0.021601114,0.919392467,-0.050998308,0.3894228
101,ca577ed7-7d44-4e11-9749-ebb2b0c84ba6,39.886322,0,0,0,63.81812,0,0,0,-1.00015008,1.795448899,0.021876,0.9159794,-0.05041714,0.397443533
102,708400aa-77c2-4654-a7de-64ee0ab19068,40.1788864,0,0,0,64.28622,0,0,0,-1.00015008,1.782377601,0.022378532,0.9101944,-0.049608618,0.410590261
103,649aea6e-daa7-46f6-a6b8-5bc35c04896d,40.3710938,0,0,0,64.59375,0,0,0,-1.00015008,1.773893237,0.022709204,0.9066718,-0.049217876,0.418339759
104,43050df2-c742-4e69-9545-015797c51dee,40.6464424,0,0,0,65.03431,0,0,0,-1.00015008,1.761878133,0.02318704,0.9019228,-0.048804484,0.42850408
105,bbc0b0cd-36fb-4b50-95d0-fe514bd6eff9,40.7921753,0,0,0,65.26748,0,0,0,-1.00015008,1.755584717,0.023442663,0.8995285,-0.04864303,0.433512151
106,fc647403-75ac-4d31-b947-81ec1489daa9,41.0207062,0,0,0,65.63313,0,0,0,-1.00015008,1.745805621,0.023847979,0.8959153,-0.04845618,0.440929741
107,86dd1db2-d2c8-47f3-8705-557b8c37ef86,41.34364,0,0,0,66.149826,0,0,0,-1.00015008,1.732171178,0.02443091,0.891063035,-0.048307955,0.450639725
108,953c52d7-10ff-418f-a54e-a11ceb2ec5db,41.59928,0,0,0,66.55885,0,0,0,-1.00015008,1.721528053,0.024901258,0.8874025,-0.048270375,0.4577847
109,33de8760-5d12-4443-8905-5adb9dec643b,41.8662148,0,0,0,66.98595,0,0,0,-1.00015008,1.710553527,0.02540096,0.8837274,-0.048293974,0.4648101
110,c6282020-9ee1-41b2-8c33-91e89b404cb8,42.2393951,0,0,0,67.58303,0,0,0,-1.00015008,1.695443273,0.026114164,0.878810644,-0.048417572,0.4739891
111,fdc34a63-22a6-4dae-b062-06c8ff80eb41,42.43325,0,0,0,67.8932,0,0,0,-1.00015008,1.687698722,0.026491292,0.876347244,-0.048517656,0.4784974
112,650cc815-7b27-47c2-aeba-d1cbf0368498,42.83524,0,0,0,68.5363846,0,0,0,-1.00015008,1.671862602,0.027287342,0.871415257,-0.048791613,0.4873503
113,9100bf54-8df6-4ede-966c-af8dcc4c90b7,43.14899,0,0,0,69.03838,0,0,0,-1.00015008,1.659707904,0.02792144,0.867715,-0.0490595,0.493846327
114,793b1356-2f33-44a5-bc40-494366e9bb03,43.473053,0,0,0,69.5568848,0,0,0,-1.00015008,1.647337556,0.028587647,0.864017,-0.049378783,0.500219166
115,c86646fd-53ba-4b12-8976-fe0faa526b4e,43.80722,0,0,0,70.09155,0,0,0,-1.00015008,1.634773135,0.029286161,0.860323846,-0.049747575,0.5064686
116,ebacdc3a-e729-4331-bf1a-1f50984751be,44.2682152,0,0,0,70.82915,0,0,0,-1.00015008,1.617751241,0.030267969,0.855411649,-0.050313,0.51461
117,74633aff-c15a-4921-ae09-761cf87940d3,44.50521,0,0,0,71.2083359,0,0,0,-1.00015008,1.609137893,0.030780524,0.8529623,-0.05062606,0.518599
118,9f4bb83b-6ff6-403d-aff2-05c3292fb3af,44.9919167,0,0,0,71.98707,0,0,0,-1.00015008,1.59173286,0.031848837,0.8480805,-0.051310074,0.5264147
119,5f782485-32f7-45da-92a8-39fadb17eb35,45.3678856,0,0,0,72.5886154,0,0,0,-1.00015008,1.578543663,0.03268774,0.8444364,-0.051871605,0.5321354
120,e7ac69e6-bd92-4dcc-bc5c-b64857ca6444,45.75304,0,0,0,73.2048645,0,0,0,-1.00015008,1.565257072,0.0335587,0.840809345,-0.052472703,0.5377361
121,38535497-b27d-4c39-9c15-7256a697f0ed,46.147213,0,0,0,73.83554,0,0,0,-1.00015008,1.551888824,0.03446146,0.8372011,-0.05311158,0.543218136
122,011801aa-0e5c-46b1-83a3-6e12a62e2463,46.68652,0,0,0,74.69843,0,0,0,-1.00015008,1.533964038,0.03571404,0.8324224,-0.05401916,0.5503448
123,dd4db5dc-692e-431b-a89f-8fe1ec1c9307,46.96197,0,0,0,75.13915,0,0,0,-1.00015008,1.52496779,0.03636104,0.830047846,-0.054495703,0.553830862
124,a5b3d52c-b7cd-4353-ab19-7b44136f081d,47.3822632,0,0,0,75.81162,0,0,0,-1.00015008,1.511442542,0.03735706,0.826506,-0.05523756,0.558964431
125,cefc26f4-b6c4-47ee-baaa-36d956c30ec1,47.95566,0,0,0,76.72906,0,0,0,-1.00015008,1.49337244,0.038731996,0.821822464,-0.05627469,0.5656331
126,90621cab-31f9-4548-b70b-a6fc1ae079cb,48.3953171,0,0,0,77.43251,0,0,0,-1.00015008,1.479807138,0.039797742,0.818340659,-0.057086475,0.5705049
127,03e2fd55-f886-43cb-803e-924b2fc8a535,48.8430443,0,0,0,78.14887,0,0,0,-1.00015008,1.466243863,0.040892486,0.81488657,-0.05792566,0.5752672
128,3d4bf960-dec5-49c7-a9c2-17763d78498b,49.45232,0,0,0,79.12371,0,0,0,-1.00015008,1.448181033,0.04239624,0.810325742,-0.05908466,0.581449747
129,b7d914c6-7ea4-476e-b389-0615b0b3820b,49.7621574,0,0,0,79.61945,0,0,0,-1.00015008,1.439165115,0.043166615,0.808065,-0.05968039,0.5844706
130,b81e60c2-975f-4ec1-861d-de80e12a918b,50.3920059,0,0,0,80.62721,0,0,0,-1.00015008,1.421178699,0.044743452,0.803584158,-0.06090229,0.590374
131,0d32e4b1-f8e9-48fe-9a71-237c46a0cc94,51.0352364,0,0,0,81.65638,0,0,0,-1.00015008,1.403268456,0.0463671,0.7991588,-0.062162198,0.596096635
132,0b6e0b11-760e-44ae-b8d2-94a5b5611d61,51.52626,0,0,0,82.44202,0,0,0,-1.00015008,1.389897227,0.04761461,0.795877,-0.06313027,0.6002727
133,0309b7cf-e5bc-45a8-874c-fe012b31f954,52.192215,0,0,0,83.5075455,0,0,0,-1.00015008,1.372164369,0.04931639,0.7915517,-0.06444961,0.605689764
134,1ffbf375-7a77-4a5f-8357-aa481dc64d4c,53.042408,0,0,0,84.86785,0,0,0,-1.00015008,1.350172639,0.051503096,0.7862274,-0.06614094,0.612224936
135,c0f6404b-d69f-4e40-ba21-05438024c658,53.5618172,0,0,0,85.6989059,0,0,0,-1.00015008,1.337080717,0.052845612,0.7830771,-0.06717631,0.6160234
136,1658d263-16a5-4b62-9cea-b911c830f133,54.4426727,0,0,0,87.10828,0,0,0,-1.00015008,1.315449357,0.05513173,0.7779014,-0.068932936,0.6221561
137,9ea0453e-7e8f-4952-9ae6-0278e5834e4f,54.9801445,0,0,0,87.96823,0,0,0,-1.00015008,1.302590966,0.056531418,0.7748409,-0.07000396,0.6257198
138,07274f31-bf41-4861-8221-9be8c50f681a,55.8906021,0,0,0,89.4249649,0,0,0,-1.00015008,1.281373382,0.058908753,0.7698152,-0.071814515,0.631472051
139,47a48b5f-d9a5-4c85-a1cb-64a8d60f5186,56.63198,0,0,0,90.61117,0,0,0,-1.00015008,1.264600158,0.06084883,0.7658623,-0.07328366,0.6359103
140,a34af604-ba48-46ef-83cf-634302971da6,57.57468,0,0,0,92.11949,0,0,0,-1.00015008,1.243895888,0.063319095,0.761005461,-0.0751429,0.6412605
141,bd82d65d-2ee8-48f7-abda-6edcbdc88b19,58.14867,0,0,0,93.03787,0,0,0,-1.00015008,1.231618285,0.06482416,0.758136,-0.07626929,0.64436847
142,9f8597d8-1f76-4bac-8e2c-bd536f2fc49a,58.7288933,0,0,0,93.96623,0,0,0,-1.00015008,1.219451189,0.06634559,0.7552998,-0.077402934,0.6474019
143,44e2a5d8-4168-4f74-bcc1-9e1b0947dfdd,59.7095833,0,0,0,95.53533,0,0,0,-1.00015008,1.199423909,0.068915956,0.7506465,-0.07930674,0.652296662
144,1d9ac011-a9fb-4d7c-b737-5c02c902025b,60.3061,0,0,0,96.48976,0,0,0,-1.00015008,1.187560678,0.07047793,0.747898161,-0.080456615,0.6551396
145,b8545b3b-63e0-4cf9-a4f2-2a7e59bf2caf,60.9086456,0,0,0,97.4538345,0,0,0,-1.00015008,1.175813437,0.07205398,0.745182455,-0.0816115,0.6579141
146,5bd5f292-79d5-40b3-9350-6a43d9a6feef,61.9260941,0,0,0,99.08175,0,0,0,-1.00015008,1.156496286,0.074710354,0.7407276,-0.08354591,0.6623904
147,a4316cd8-b834-462f-a3f0-49b8c2c0d5d2,62.5444374,0,0,0,100.0711,0,0,0,-1.00015008,1.1450634,0.076320976,0.738097,-0.08471146,0.6649901
148,7695613e-7d6c-4c35-b0af-a00e1d2300f6,63.37798,0,0,0,101.40477,0,0,0,-1.00015008,1.130004525,0.078486905,0.734638453,-0.08627025,0.6683589
149,a5a61078-1156-4d57-b597-bc767b9cd37f,64.0098953,0,0,0,102.41584,0,0,0,-1.00015008,1.118849516,0.08012447,0.7320806,-0.08744231,0.670814455
150,7bc9bde7-4bb0-4715-9ecc-99e375c6f1ec,64.6907043,0,0,0,103.505135,0,0,0,-1.00015008,1.107075334,0.081884235,0.729384243,-0.08869582,0.673369646
151,9ccd06cd-bd81-49a0-9d63-f12c12228f36,64.68975,0,0,0,103.503609,0,0,0,-1.00015008,1.107091665,0.08192207,0.729388654,-0.088739336,0.6733546
152,27a8a3cd-0595-4acc-9a59-909b4472f931,64.68837,0,0,0,103.501396,0,0,0,-1.00015008,1.107115388,0.081975274,0.729396462,-0.08880093,0.6733315
153,878aabc8-dfec-479c-b310-68909ac16406,64.68746,0,0,0,103.499947,0,0,0,-1.00015008,1.107130885,0.08205316,0.729406059,-0.08889068,0.6732998
154,f509e7d0-2d90-416f-a526-9a1331fcb535,64.68393,0,0,0,103.494286,0,0,0,-1.00015008,1.107191443,0.082149774,0.729412556,-0.08900053,0.6732665
155,16ef1fa0-660d-49c1-86d2-82fcc78c36ff,64.6788,0,0,0,103.486084,0,0,0,-1.00015008,1.107279181,0.08200543,0.7294189,-0.088840716,0.67329824
